<Options>
  <Option filepath="./PLG/xSettings/xThm.js"/>
  <Option Type="CONTEXT" Icon="15">
    <Name>
      <String str="Color" />
      <String str="Couleur" />
      <String str="Color" />
      <String str="Farbe" />
      <String str="Colore" />
      <String str="Kleur" />
      <String str="Cor" />
    </Name>
    <Description>
      <String str="Sets the background color." />
      <String str="Définir la couleur de fond." />
      <String str="Establecer el color de fondo." />
      <String str="Hintergrundfarbe festlegen." />
      <String str="Seleziona il colore dello sfondo." />
      <String str="Stel de achtergrondkleur in." />
      <String str="Definir a cor de fundo." />
    </Description>
    <Component Icon="-1">
      <Name>
        <String str="Original" />
        <String str="Original" />
        <String str="Original" />
        <String str="Original" />
        <String str="Originale" />
        <String str="Origineel" />
        <String str="Original" />
      </Name>
    </Component>
    <Component Icon="{colr_icons[0]}" />
    <Component Icon="{colr_icons[1]}" />
    <Component Icon="{colr_icons[2]}" />
    <Component Icon="{colr_icons[3]}" />
    <Component Icon="{colr_icons[4]}" />
    <Component Icon="{colr_icons[5]}" />
    <Component Icon="{colr_icons[6]}" />
    <Component Icon="{colr_icons[7]}" />
    <Component Icon="{colr_icons[8]}" />
    <Component Icon="{colr_icons[9]}" />
    <Component Icon="{colr_icons[10]}" />
    <Component Icon="{colr_icons[11]}" />
    <Component Icon="{colr_icons[12]}" />
    <Default Variable="DATA.BGVAL"/>
    <Preview>
      <![CDATA[
        function(DATA, val) {
            let OSDATE = getDateInGMTOffset(DATA.TIME_ZONE);
            DATA.BGTMP = val;
            DATA.BGCOL = (val == 0) ? (OSDATE.getMonth() + 1) : val;
            DATA.BGSWITCH = true;
            DATA.BGFRAME = 0.0f;
        }
      ]]>
    </Preview>
    <Confirm>
      <![CDATA[
        function(DATA, val) {
            let OSDATE = getDateInGMTOffset(DATA.TIME_ZONE);
            DATA.BGVAL = val;
            DATA.BGTMP = val;
            DATA.BGCOL = (val == 0) ? (OSDATE.getMonth() + 1) : val;
            DATA.BGSWITCH = true;
            DATA.BGFRAME = 0.0f;
            let config = DATA.CONFIG.Get("main.cfg");
            config["BgColor"] = val.toString();
            DATA.CONFIG.Push("main.cfg", config);
        }
      ]]>
    </Confirm>
    <Cancel>
      <![CDATA[
        function(DATA, val) {
            let OSDATE = getDateInGMTOffset(DATA.TIME_ZONE);
            DATA.BGTMP = DATA.BGVAL;
            DATA.BGCOL = (DATA.BGVAL == 0) ? (OSDATE.getMonth() + 1) : DATA.BGVAL;
            DATA.BGSWITCH = true;
            DATA.BGFRAME = 0;
        }
      ]]>
    </Cancel>
  </Option>
  <Option Type="CONTEXT" Icon="15">
    <Name>
      <String str="Background" />
      <String str="Arrière-plan" />
      <String str="Fondo" />
      <String str="Hintergrundbild" />
      <String str="Sfondo" />
      <String str="Achtergrond" />
      <String str="Fundo" />
    </Name>
    <Description>
      <String str="Set the interface background." />
      <String str="Définir l'arrière-plan de l'interface." />
      <String str="Establecer el fondo de la interfaz." />
      <String str="Den Hintergrund der Schnittstelle festlegen." />
      <String str="Seleziona lo sfondo dell'interfaccia." />
      <String str="Stel de achtergrond van de interface in." />
      <String str="Definir o fundo da interface." />
    </Description>
    <Component Icon="-1">
      <Name>
        <String str="Original" />
        <String str="Original" />
        <String str="Original" />
        <String str="Original" />
        <String str="Originale" />
        <String str="Origineel" />
        <String str="Original" />
      </Name>
    </Component>
    <Component Icon="-1">
      <Name>
        <String str="Wallpaper" />
        <String str="Fond d'écran" />
        <String str="Fondo de pantalla" />
        <String str="Hintergrundbild" />
        <String str="Sfondo personalizzato" />
        <String str="Achtergrondafbeelding" />
        <String str="Fundo personalizado" />
      </Name>
    </Component>
    <Default Variable="Number(DATA.DISPLAYBG)"/>
    <Confirm>
      <![CDATA[
        function(DATA, val) {
          if ((val == 1) && (!DATA.BGIMG))
          {
              DATA.DISPLAYBG = false;
              DATA.DASH_STATE = "SUBMENU_CONTEXT_MESSAGE_FADE_OUT";
              DATA.OVSTATE = "MESSAGE_IN";
              DATA.MESSAGE_INFO =
              {
                  Icon: 9,
                  Title: DASH_CTX[DATA.DASH_CURCTXLVL].Options[DASH_CTX[DATA.DASH_CURCTXLVL].Selected].Name,
                  BG: true,
                  Type: "TEXT",
                  Text: XMBLANG.NOWPP_MSG,
                  BACK_BTN: true,
                  ENTER_BTN: false,
              };

              return false;
          }
          else if ((val == 1) && (DATA.BGIMG)) { DATA.DISPLAYBG = true; }
          else if (val == 0) { DATA.DISPLAYBG = false; }

          let config = DATA.CONFIG.Get("main.cfg");
          config["displayBg"] = DATA.DISPLAYBG.toString();
          DATA.CONFIG.Push("main.cfg", config);
        }
      ]]>
    </Confirm>
  </Option>
  <Option Type="CONTEXT" Icon="15">
    <Name>
      <String str="Waves" />
      <String str="Waves" />
      <String str="Ondas" />
      <String str="Waves" />
      <String str="Waves" />
      <String str="Waves" />
      <String str="Waves" />
    </Name>
    <Description>
      <String str="Set the Background Waves On or Off." />
      <String str="Set the Background Waves On or Off." />
      <String str="Habilita o Deshabilita las ondas de fondo." />
      <String str="Set the Background Waves On or Off." />
      <String str="Set the Background Waves On or Off." />
      <String str="Set the Background Waves On or Off." />
      <String str="Set the Background Waves On or Off." />
    </Description>
    <Component Name="{NO}" Icon="-1" />
    <Component Name="{YES}" Icon="-1" />
    <Default Variable="Number(DATA.BGWAVES)"/>
    <Confirm>
      <![CDATA[
        function(DATA, val) {
          DATA.BGWAVES = (val == 1);
          let config = DATA.CONFIG.Get("main.cfg");
          config["waves"] = DATA.BGWAVES.toString();
          DATA.CONFIG.Push("main.cfg", config);
        }
      ]]>
    </Confirm>
  </Option>
</Options>
