{
  "Name": [
    "System settings",
    "Paramètres système",
    "Ajustes de Sistema",
    "System-Einstellungen",
    "Impostazioni del sistema",
    "Systeeminstellingen",
    "Definições de Sistema"
  ],
  "Description": [
    "Adjusts settings for this PS2 system.",
    "Réglez les paramètres de ce système PS2.",
    "Ajusta la configuración de este sistema PS2.",
    "Einstellungen für dieses PS2-System anpassen.",
    "Regola le impostazioni di questo sistema PS2.",
    "Pas de instellingen van dit PS2-systeem aan.",
    "Ajuste as configurações deste sistema PS2."
  ],
  "Icon": 8,
  "Category": 1,
  "Type": "SUBMENU",
  "Value": "./PLG/xSettings/xSystemOpts.xml"
}
