{
  "Name": [
    "Theme Settings",
    "Paramètres de thème",
    "Ajustes de Tema",
    "Design-Einstellungen",
    "Impostazioni del tema",
    "Thema-instellingen",
    "Configurações de tema"
  ],
  "Description": [
    "Adjust settings related to the appearance of the XMB Screen.",
    "Réglez les paramètres liés à l'apparence de l'écran XMB.",
    "Ajusta la apariencia de la pantalla XMB.",
    "Einstellungen für das Erscheinungsbild des XMB-Bildschirms anpassen.",
    "Regola le impostazioni relative all'aspetto dello schermo XMB.",
    "Pas instellingen aan die verband houden met het uiterlijk van het XMB-scherm.",
    "Ajuste as configurações relacionadas à aparência da tela XMB."
  ],
  "Icon": 9,
  "Category": 1,
  "Type": "SUBMENU",
  "Value": "./PLG/xSettings/xThemeOpts.xml"
}
